product_id,product_name,category,price
1000,Smartphone Max,Electronics,950
1001,Smartphone Max,Electronics,1190
1002,Smartphone Pro,Electronics,6084
1003,Laptop Pro,Electronics,29987
1004,Laptop Lite,Electronics,20660
1005,Laptop Lite,Electronics,18817
1006,Tablet Pro,Electronics,4077
1007,Tablet Plus,Electronics,8690
1008,Tablet Plus,Electronics,76337
1009,Smartwatch Max,Electronics,10688
1010,Smartwatch Lite,Electronics,19587
1011,Smartwatch Plus,Electronics,50514
1012,Bluetooth Speaker Pro,Electronics,38524
1013,Bluetooth Speaker Max,Electronics,7768
1014,Bluetooth Speaker Max,Electronics,1424
1015,Wireless Earbuds Max,Electronics,74583
1016,Wireless Earbuds Max,Electronics,63639
1017,Wireless Earbuds Pro,Electronics,19605
1018,Gaming Console Plus,Electronics,38129
1019,Gaming Console Plus,Electronics,12013
1020,Gaming Console Max,Electronics,67975
1021,Monitor Max,Electronics,68275
1022,Monitor Pro,Electronics,29936
1023,Monitor Pro,Electronics,970
1024,Keyboard Max,Electronics,45696
1025,Keyboard Pro,Electronics,47000
1026,Keyboard Plus,Electronics,76399
1027,Mouse Pro,Electronics,76321
1028,Mouse Pro,Electronics,4137
1029,Mouse Max,Electronics,36732
1030,T-Shirt Plus,Fashion,32695
1031,T-Shirt Plus,Fashion,1168
1032,T-Shirt Pro,Fashion,43454
1033,Jeans Plus,Fashion,6491
1034,Jeans Lite,Fashion,45074
1035,Jeans Plus,Fashion,69013
1036,Jacket Plus,Fashion,47133
1037,Jacket Pro,Fashion,72224
1038,Jacket Max,Fashion,30260
1039,Sneakers Max,Fashion,32418
1040,Sneakers Plus,Fashion,43394
1041,Sneakers Plus,Fashion,47282
1042,Formal Shoes Max,Fashion,5594
1043,Formal Shoes Max,Fashion,10095
1044,Formal Shoes Max,Fashion,11765
1045,Kurta Max,Fashion,68706
1046,Kurta Max,Fashion,60610
1047,Kurta Pro,Fashion,65784
1048,Saree Max,Fashion,61891
1049,Saree Plus,Fashion,4635
1050,Saree Plus,Fashion,61575
1051,Handbag Pro,Fashion,76635
1052,Handbag Plus,Fashion,65942
1053,Handbag Plus,Fashion,14991
1054,Dress Plus,Fashion,72728
1055,Dress Pro,Fashion,75513
1056,Dress Max,Fashion,70474
1057,Hoodie Lite,Fashion,6840
1058,Hoodie Lite,Fashion,30584
1059,Hoodie Max,Fashion,38017
1060,Mixer Grinder Lite,Home Appliances,1047
1061,Mixer Grinder Lite,Home Appliances,62516
1062,Mixer Grinder Lite,Home Appliances,5323
1063,Air Fryer Max,Home Appliances,36729
1064,Air Fryer Plus,Home Appliances,24022
1065,Air Fryer Lite,Home Appliances,73644
1066,Vacuum Cleaner Pro,Home Appliances,42592
1067,Vacuum Cleaner Plus,Home Appliances,62561
1068,Vacuum Cleaner Lite,Home Appliances,9146
1069,Microwave Pro,Home Appliances,2928
1070,Microwave Plus,Home Appliances,55906
1071,Microwave Lite,Home Appliances,12858
1072,Induction Cooktop Max,Home Appliances,78762
1073,Induction Cooktop Max,Home Appliances,19295
1074,Induction Cooktop Lite,Home Appliances,23519
1075,Electric Kettle Pro,Home Appliances,38531
1076,Electric Kettle Plus,Home Appliances,2136
1077,Electric Kettle Plus,Home Appliances,7307
1078,Water Purifier Plus,Home Appliances,68521
1079,Water Purifier Plus,Home Appliances,51769
1080,Water Purifier Pro,Home Appliances,28576
1081,Office Chair Lite,Furniture,51517
1082,Office Chair Max,Furniture,65781
1083,Office Chair Max,Furniture,62000
1084,Study Table Lite,Furniture,19013
1085,Study Table Plus,Furniture,30817
1086,Study Table Lite,Furniture,24412
1087,Bookshelf Lite,Furniture,45040
1088,Bookshelf Pro,Furniture,11521
1089,Bookshelf Lite,Furniture,27654
1090,Wardrobe Lite,Furniture,52206
1091,Wardrobe Plus,Furniture,47226
1092,Wardrobe Pro,Furniture,64881
1093,Coffee Table Pro,Furniture,21494
1094,Coffee Table Plus,Furniture,55302
1095,Coffee Table Plus,Furniture,27906
1096,Sofa Max,Furniture,12788
1097,Sofa Plus,Furniture,43388
1098,Sofa Max,Furniture,38752
1099,Facewash Plus,Beauty,35564
1100,Facewash Plus,Beauty,57669
1101,Facewash Lite,Beauty,24786
1102,Moisturizer Plus,Beauty,51807
1103,Moisturizer Max,Beauty,4767
1104,Moisturizer Pro,Beauty,42819
1105,Perfume Pro,Beauty,10198
1106,Perfume Pro,Beauty,62922
1107,Perfume Max,Beauty,46956
1108,Shampoo Pro,Beauty,77711
1109,Shampoo Plus,Beauty,17445
1110,Shampoo Lite,Beauty,59782
1111,Conditioner Lite,Beauty,33285
1112,Conditioner Plus,Beauty,56209
1113,Conditioner Lite,Beauty,36507
1114,Sunscreen Max,Beauty,68099
1115,Sunscreen Pro,Beauty,52236
1116,Sunscreen Lite,Beauty,63391
1117,Hair Oil Max,Beauty,47455
1118,Hair Oil Pro,Beauty,6614
1119,Hair Oil Max,Beauty,35479
1120,Yoga Mat Max,Sports,13411
1121,Yoga Mat Pro,Sports,52443
1122,Yoga Mat Pro,Sports,33261
1123,Dumbbells Max,Sports,5305
1124,Dumbbells Max,Sports,67206
1125,Dumbbells Pro,Sports,54660
1126,Treadmill Max,Sports,42541
1127,Treadmill Pro,Sports,48957
1128,Treadmill Max,Sports,39033
1129,Cricket Bat Plus,Sports,74527
1130,Cricket Bat Max,Sports,41319
1131,Cricket Bat Lite,Sports,13983
1132,Football Lite,Sports,70510
1133,Football Pro,Sports,47319
1134,Football Max,Sports,45496
1135,Badminton Racket Plus,Sports,66048
1136,Badminton Racket Plus,Sports,11850
1137,Badminton Racket Lite,Sports,2684
1138,Fiction Novel Max,Books,29097
1139,Fiction Novel Lite,Books,63288
1140,Fiction Novel Lite,Books,4245
1141,Science Book Max,Books,66502
1142,Science Book Pro,Books,34964
1143,Science Book Plus,Books,69740
1144,Self Help Book Plus,Books,6893
1145,Self Help Book Lite,Books,44025
1146,Self Help Book Max,Books,48270
1147,Business Book Plus,Books,1078
1148,Business Book Lite,Books,71763
1149,Business Book Plus,Books,8164
1150,Programming Book Plus,Books,20500
1151,Programming Book Plus,Books,6787
1152,Programming Book Pro,Books,5227
1153,Backpack Plus,Accessories,35567
1154,Backpack Max,Accessories,49308
1155,Backpack Lite,Accessories,48052
1156,Laptop Bag Pro,Accessories,65785
1157,Laptop Bag Lite,Accessories,24640
1158,Laptop Bag Lite,Accessories,76724
1159,Sunglasses Pro,Accessories,69336
1160,Sunglasses Pro,Accessories,32372
1161,Sunglasses Lite,Accessories,6598
1162,Wallet Pro,Accessories,13830
1163,Wallet Max,Accessories,44337
1164,Wallet Pro,Accessories,44817
1165,Travel Bag Pro,Accessories,7305
1166,Travel Bag Pro,Accessories,16411
1167,Travel Bag Max,Accessories,65000
